,Album Name,Artist,Release Date,Average Rating,Genre
0,To Pimp a Butterfly,Kendrick Lamar,15-Mar-15,4.37,Conscious Hip Hop West Coast Hip Hop Jazz Rap
1,OK Computer,Radiohead,16-Jun-97,4.28,Alternative Rock Art Rock
2,Wish You Were Here,Pink Floyd,12-Sep-75,4.34,Progressive Rock Art Rock
3,In Rainbows,Radiohead,10-Oct-07,4.31,Art Rock Alternative Rock
4,Madvillainy,Madvillain,23-Mar-04,4.34,Abstract Hip Hop
5,In the Court of the Crimson King,King Crimson,10-Oct-69,4.32,Progressive Rock Art Rock
6,Kid A,Radiohead,3-Oct-00,4.26,Art Rock Electronic Experimental Rock
7,"good kid, m.A.A.d city",Kendrick Lamar,22-Oct-12,4.3,West Coast Hip Hop Conscious Hip Hop
8,Loveless,My Bloody Valentine,11-Nov-91,4.25,Shoegaze Noise Pop
9,The Dark Side of the Moon,Pink Floyd,23-Mar-73,4.23,Art Rock Progressive Rock
10,Abbey Road,The Beatles,26-Sep-69,4.27,Pop Rock
11,Remain in Light,Talking Heads,8-Oct-80,4.26,New Wave Post-Punk
12,The Rise and Fall of Ziggy Stardust and the Spiders From Mars,David Bowie,16-Jun-72,4.26,Glam Rock Pop Rock
13,The Black Saint and the Sinner Lady,Mingus,Jul-63,4.34,Avant-Garde Jazz Third Stream
14,Illmatic,Nas,19-Apr-94,4.26,East Coast Hip Hop Boom Bap Hardcore Hip Hop
15,The Velvet Underground & Nico,The Velvet Underground & Nico,12-Mar-67,4.21,Art Rock Experimental Rock
16,A Love Supreme,John Coltrane,Jan-65,4.3,Spiritual Jazz Avant-Garde Jazz
17,Revolver,The Beatles,5-Aug-66,4.22,Pop Rock Psychedelic Pop
18,Lift Yr. Skinny Fists Like Antennas to Heaven!,Godspeed You Black Emperor!,9-Oct-00,4.23,Post-Rock
19,Vespertine,Björk,27-Aug-01,4.25,Art Pop Electronic
20,Paranoid,Black Sabbath,18-Sep-70,4.21,Heavy Metal Hard Rock
21,Disintegration,The Cure,2-May-89,4.23,Gothic Rock Post-Punk
22,Kind of Blue,Miles Davis,17-Aug-59,4.23,Modal Jazz Cool Jazz
23,Enter the Wu-Tang (36 Chambers),Wu-Tang Clan,9-Nov-93,4.23,East Coast Hip Hop Boom Bap Hardcore Hip Hop
24,My Beautiful Dark Twisted Fantasy,Kanye West,22-Nov-10,4.09,Pop Rap Hip Hop
25,Animals,Pink Floyd,21-Jan-77,4.18,Progressive Rock Art Rock
26,Long Season,Fishmans,25-Oct-96,4.21,Neo-Psychedelia Dream Pop Progressive Pop
27,Red,King Crimson,6-Oct-74,4.24,Progressive Rock Art Rock
28,Spiderland,Slint,27-Mar-91,4.17,Post-Rock Post-Hardcore Math Rock
29,Pet Sounds,The Beach Boys,16-May-66,4.17,Baroque Pop
30,In the Aeroplane Over the Sea,Neutral Milk Hotel,10-Feb-98,4.09,Indie Folk Indie Rock
31,Pink Moon,Nick Drake,25-Feb-72,4.19,Contemporary Folk Singer-Songwriter
32,Songs in the Key of Life,Stevie Wonder,28-Sep-76,4.27,Soul
33,Dummy,Portishead,22-Aug-94,4.16,Trip Hop
34,The Money Store,Death Grips,24-Apr-12,4.1,Industrial Hip Hop Hardcore Hip Hop Experimental Hip Hop
35,The College Dropout,Kanye West,10-Feb-04,4.12,Chipmunk Soul Pop Rap
36,Souvlaki,Slowdive,1-Jun-93,4.14,Dream Pop Shoegaze
37,The Glow Pt. 2,The Microphones,11-Sep-01,4.17,Indie Folk Psychedelic Folk Slacker Rock
38,The Queen Is Dead,The Smiths,16-Jun-86,4.12,Jangle Pop Indie Pop
39,Atrocity Exhibition,Danny Brown,30-Sep-16,4.15,Experimental Hip Hop Hardcore Hip Hop
40,Heaven or Las Vegas,Cocteau Twins,17-Sep-90,4.16,Dream Pop
41,In a Silent Way,Miles Davis,30-Jul-69,4.23,Jazz Fusion Modal Jazz
42,Unknown Pleasures,Joy Division,15-Jun-79,4.1,Post-Punk
43,Igor,"Tyler, the Creator",17-May-19,4.08,Neo-Soul
44,Sgt. Pepper's Lonely Hearts Club Band,The Beatles,26-May-67,4.1,Psychedelic Pop Pop Rock
45,Blonde,Frank Ocean,20-Aug-16,4.1,Alternative R&B Art Pop Neo-Soul
46,Hounds of Love,Kate Bush,16-Sep-85,4.16,Art Pop Progressive Pop
47,98.12.28 男達の別れ (98.12.28 Otokotachi no wakare),Fishmans,29 September 1999 Live,4.39,Dream Pop Neo-Psychedelia
48,Homogenic,Björk,22-Sep-97,4.14,Art Pop Electronic
49,The Low End Theory,A Tribe Called Quest,24-Sep-91,4.15,Jazz Rap East Coast Hip Hop Conscious Hip Hop
50,F♯A♯∞,Godspeed You Black Emperor!,14-Aug-97,4.15,Post-Rock
51,The Beatles [White Album],The Beatles,22-Nov-68,4.12,Pop Rock Rock
52,What's Going On,Marvin Gaye,21-May-71,4.18,Soul
53,Either / Or,Elliott Smith,25-Feb-97,4.16,Singer-Songwriter Indie Folk
54,MM..FOOD,MF DOOM,16-Nov-04,4.14,East Coast Hip Hop Abstract Hip Hop
55,Low,David Bowie,14-Jan-77,4.13,Art Rock
56,Bitches Brew,Miles Davis,30-Mar-70,4.18,Jazz Fusion Avant-Garde Jazz
57,Close to the Edge,Yes,13-Sep-72,4.16,Symphonic Prog Progressive Rock
58,★ [Blackstar],David Bowie,8-Jan-16,4.12,Art Rock
59,Endtroducing.....,DJ Shadow,19-Nov-96,4.13,Instrumental Hip Hop Experimental Hip Hop Plunderphonics
60,Doolittle,Pixies,17-Apr-89,4.1,Indie Rock Alternative Rock
61,Marquee Moon,Television,8-Feb-77,4.14,Art Punk Art Rock Post-Punk
62,Illinois,Sufjan Stevens,5-Jul-05,4.13,Chamber Pop Singer-Songwriter
63,Highway 61 Revisited,Bob Dylan,30-Aug-65,4.15,Folk Rock Singer-Songwriter
64,Soundtracks for the Blind,Swans,22-Oct-96,4.15,Experimental Rock Post-Rock Experimental
65,Selected Ambient Works 85-92,Aphex Twin,9-Nov-92,4.08,Ambient Techno IDM
66,Deathconsciousness,Have a Nice Life,24-Jan-08,4.1,Post-Punk Shoegaze
67,Donuts,J Dilla,7-Feb-06,4.14,Instrumental Hip Hop
68,Electric Ladyland,The Jimi Hendrix Experience,25-Oct-68,4.15,Blues Rock Psychedelic Rock Acid Rock
69,Discovery,Daft Punk,13-Mar-01,4.08,French House
70,Led Zeppelin [IV],Led Zeppelin,8-Nov-71,4.09,Hard Rock
71,Master of Reality,Black Sabbath,21-Jul-71,4.12,Heavy Metal Traditional Doom Metal
72,Laughing Stock,Talk Talk,16-Sep-91,4.13,Post-Rock
73,Station to Station,David Bowie,23-Jan-76,4.13,Art Rock Funk Rock
74,Nevermind,Nirvana,24-Sep-91,4,Grunge Alternative Rock
75,The Doors,The Doors,4-Jan-67,4.08,Psychedelic Rock
76,Blonde on Blonde,Bob Dylan,20-Jun-66,4.13,Folk Rock Singer-Songwriter
77,Karma,Pharoah Sanders,May-69,4.17,Spiritual Jazz Avant-Garde Jazz
78,In Utero,Nirvana,21-Sep-93,4.04,Grunge Noise Rock
79,Blood on the Tracks,Bob Dylan,20-Jan-75,4.14,Singer-Songwriter Folk Rock
80,Closer,Joy Division,18-Jul-80,4.08,Post-Punk
81,Aquemini,OutKast,29-Sep-98,4.13,Southern Hip Hop Conscious Hip Hop
82,Ride the Lightning,Metallica,27-Jul-84,4.07,Thrash Metal
83,Ants From Up There,"Black Country, New Road",4-Feb-22,4.03,Art Rock Post-Rock Chamber Pop
84,The Downward Spiral,Nine Inch Nails,8-Mar-94,4.08,Industrial Rock
85,Late Registration,Kanye West,30-Aug-05,4.03,Pop Rap Hip Hop
86,Carrie & Lowell,Sufjan Stevens,31-Mar-15,4.08,Indie Folk Singer-Songwriter
87,Are You Experienced,The Jimi Hendrix Experience,12-May-67,4.1,Blues Rock Psychedelic Rock Acid Rock
88,Midnight Marauders,A Tribe Called Quest,9-Nov-93,4.12,East Coast Hip Hop Jazz Rap Boom Bap
89,Songs of Leonard Cohen,Leonard Cohen,27-Dec-67,4.12,Contemporary Folk Singer-Songwriter
90,Symbolic,Death,21-Mar-95,4.12,Technical Death Metal
91,Velocity : Design : Comfort,Sweet Trip,17-Jun-03,4.08,Glitch Pop IDM
92,Mezzanine,Massive Attack,20-Apr-98,4.06,Trip Hop
93,Liquid Swords,Genius/GZA,7-Nov-95,4.11,East Coast Hip Hop Hardcore Hip Hop Boom Bap
94,Future Days,Can,1-Aug-73,4.11,Krautrock
95,Innervisions,Stevie Wonder,3-Aug-73,4.13,Soul
96,The Velvet Underground,The Velvet Underground,Mar-69,4.08,Pop Rock
97,Clube da Esquina,Milton Nascimento & Lô Borges,Mar-72,4.14,MPB
98,Master of Puppets,Metallica,3-Mar-86,4.03,Thrash Metal
99,Grace,Jeff Buckley,23-Aug-94,4.06,Singer-Songwriter Alternative Rock
100,Black Sabbath,Black Sabbath,13-Feb-70,4.06,Heavy Metal Hard Rock
101,Since I Left You,The Avalanches,27-Nov-00,4.05,Plunderphonics Dance Nu-Disco
102,Ágætis byrjun,Sigur Rós,12-Jun-99,4.04,Post-Rock
103,Hot Rats,Frank Zappa,10-Oct-69,4.08,Jazz-Rock Jazz Fusion
104,Tago Mago,Can,Aug-71,4.06,Krautrock Psychedelic Rock Experimental Rock
105,The Lonesome Crowded West,Modest Mouse,18-Nov-97,4.08,Indie Rock
106,Daydream Nation,Sonic Youth,18-Oct-88,4.03,Noise Rock Alternative Rock
107,Pornography,The Cure,3-May-82,4.06,Gothic Rock Post-Punk
108,To Be Kind,Swans,13-May-14,4.04,Experimental Rock Post-Rock
109,Giant Steps,John Coltrane,27-Jan-60,4.1,Hard Bop
110,Piñata,Freddie Gibbs & Madlib,18-Mar-14,4.06,Gangsta Rap
111,Rubber Soul,The Beatles,3-Dec-65,4,Pop Rock
112,Spirit of Eden,Talk Talk,16-Sep-88,4.07,Post-Rock Art Rock
113,Stop Making Sense,Talking Heads,September 1984 Live Soundtrack,4.29,New Wave Post-Punk Film Soundtrack
114,Is This It,The Strokes,20-Aug-01,3.98,Garage Rock Revival Indie Rock
115,My Favorite Things,John Coltrane,Mar-61,4.11,Modal Jazz Post-Bop
116,The Infamous,Mobb Deep,25-Apr-95,4.1,East Coast Hip Hop Boom Bap Gangsta Rap
117,Music for 18 Musicians,Steve Reich / Steve Reich and Musicians,Apr-78,4.1,Minimalism
118,Rumours,Fleetwood Mac,4-Feb-77,4.02,Pop Rock Soft Rock
119,Fun House,The Stooges,Sep-70,4.06,Proto-Punk Garage Rock Hard Rock
